rank,name,floor,_24h_vol,total_vol,owners,items
1,R Planet - Genesis Collection,0.05,432.43,5.067,"2,875",8.889
2,Otherdeed for Otherside,1.39,103.23,57.346,"33,729",100.000
3,Mutant Ape Yacht Club,18.5,75.1,79.183,"12,328",19.439
4,Bored Ape Kennel Club,11.5,65.96,16.649,"5,668",9.602
5,Art Blocks Explorations,0.5,27.55,270,"14,287",38.863
6,Pudgy Penguins,5.97,24.09,3.098,"4,502",8.888
7,Async Blueprints,0.0153,22.0,73,"5,953",20.549
8,Azuki,15.069,15.9,39.830,"5,042",10.000
9,10KTF Stockroom,0.105,10.22,152,"5,364",23
10,Tykes,1.95,9.13,80,299,4.729
11,Sandbox's LANDs,0.95,7.5,1.049,"16,648",113.440
12,Meebits,3.76,6.94,3.114.868,"6,488",19.999
13,Land,0.44,5.25,242,"3,842",19.972
14,RENGA,1.626,5.13,417,"3,073",8.433
15,Wolf Game,0.7671,4.82,340,"2,888",13.737
16,CLONE X - X TAKASHI MURAKAMI,5.8,4.8,16.819,"9,751",19.449
17,Dooplicator,1.18,4.67,1.056,"5,348",9.375
18,DigiDaigakuHeroes,6.1224,3.56,23,725,1.884
19,Cheers UP Official,0.6837,3.08,19,"1,490",3.885
20,goblintown.wtf,0.8673,2.45,5.697,"4,750",9.999
21,Art Gobblers,2.1127,2.19,1.104,711,2.620
22,Creepz by OVERLORD,1.9387,1.93,278,728,11.111
23,ZombieClub Token,0.23,1.9,168,"3,201",6.666
24,0N1 Force,0.7929,1.71,249,"4,118",7.777
25,Pixelmon - Generation 1,0.4286,1.65,323,"2,954",10.005
26,World Of Women,1.7799,1.57,5.259,"5,657",10.000
27,Inhabitants: Generative Identities,0.585,1.52,1.077,"2,645",7.410
28,Farmer,0.7653,1.29,164,"2,675",11.737
29,Blvck Genesis,0.135,1.25,45,"5,158",9.998
30,Moonbirds Oddities,1.25,1.2,1.424,"5,853",10.000
31,Forgotten Runes Wizards Cult,1.25,1.09,572,"2,999",10.000
32,Genuine Undead,0.437,1.07,109,"2,790",9.999
33,alien frens,0.4,1.0,770,"6,316",10.000
34,Milady,0.8776,0.89,664,"3,123",10.000
35,10KTF,0.399,0.8,811,"5,131",23.571
36,Murakami.Flowers,0.9399,0.8,1.024,"5,773",10.030
37,Ninja Squad,0.15,0.8,110,"3,586",8.888
38,My Pet Hooligan,0.745,0.79,220,"4,148",8.886
39,Gh0stly Gh0sts,0.249,0.76,130,"2,868",6.662
40,Rare Apepe YC,0.22,0.75,308,"2,961",10.000
41,My Curio Cards,0.325,0.74,137,"4,985",30
42,Karma Monkey,0.2336,0.7,6,"2,640",10.698
43,Cheers UP Period,1.2,0.67,52,237,5.000
44,DeadFrenz,0.06,0.64,44,"6,499",11.179
45,Lil Pudgys,0.673,0.63,241,"6,994",20.798
46,Ethlizards,0.8469,0.61,137,"1,641",5.050
47,Worldwide Webb Land,0.2788,0.53,513,"4,294",9.508
48,DeadFellaz,0.719,0.51,958,"6,524",10.000
49,Moonrunners Official,0.15,0.51,268,"3,329",10.000
50,Rug Radio - Genesis NFT,0.65,0.45,318,"8,380",19.999
51,Weirdo Ghost Gang,0.22,0.41,17,"2,363",5.556
52,MoonCats,0.4,0.39,215,"5,855",19.458
53,IlluminatiNFT by TruthLabs,0.42,0.35,196,"3,686",8.128
54,SuperNormal,0.4718,0.35,539,"3,634",8.888
55,Imaginary Ones,0.465,0.32,443,"1,785",8.888
56,RTFKT PodX,0.525,0.3,122,"8,870",1
57,Fragments By James Jean,0.3,0.3,198,"2,649",7.000
58,SUPERPLASTIC: SUPERGUCCI,0.479,0.29,116,376,500
59,The Humanoids,0.101,0.28,23,"3,797",10.000
60,MidnightBreeze,0.3315,0.28,77,"3,040",6.969
61,PREMINT Collector,0.2949,0.25,1.315,"8,520",10.000
62,MekaVerse,0.4796,0.24,429,"4,580",8.888
63,Apocalyptic Apes,0.199,0.23,50,"3,251",8.888
64,MadRabbitsRiotClub,0.11,0.22,12,"2,217",7.500
65,ConiunPass,0.275,0.22,204,"2,932",6.303
66,Pixl Pets,0.1633,0.21,108,"3,436",15.000
67,Alien Frens Incubator,0.2599,0.21,3,"3,405",1
68,The Saudis,0.278,0.2,92,"1,903",5.555
69,Azra Games - The Hopeful,0.33,0.19,19,"1,992",5.555
70,VeeFriends Series 2,0.221,0.17,726,"21,954",54.603
71,Boss Beauties,0.199,0.16,456,"5,516",9.999
72,CryptoDads,0.249,0.14,18,"5,876",10.000
73,Gambling Apes,0.129,0.14,405,"3,361",7.777
74,CryptoSimeji,0.06,0.12,40,"3,307",10.000
75,Creature World,0.249,0.11,173,"6,034",10.000
76,GRAYCRAFT2,0.1122,0.11,19,"1,433",5.200
77,Based Fish Mafia,0.035,0.1,2,"2,332",10.000
78,Japanese Born Ape Society,0.06,0.1,24,"1,159",4.457
79,Slotie Junior,0.05,0.1,104,"3,183",9.938
80,fRiENDSiES,0.04,0.1,278,"3,367",9.958
81,Gutter Clones,0.0463,0.09,149,"6,213",19.093
82,Troverse Planets,0.2,0.09,19,"1,950",10.000
83,poobs,0.127,0.07,7,"1,322",5.555
84,KREEPY CLUB,0.0306,0.07,14,"4,518",9.999
85,end of sartoshi,0.063,0.06,11,"7,214",16.999
86,DeadHeads,0.094,0.05,14,"2,717",10.000
87,SneakerHeads,0.095,0.05,39,"2,588",5.000
88,TheWhitelist.io - Aces,0.046,0.05,9,"3,280",10.000
89,Kibatsu Mecha,0.19,0.05,6,"1,357",2.222
90,Probably Nothing,0.069,0.04,33,"4,123",7.676
91,Rebels,0.22,0.04,5,"1,987",5.350
92,WAGMI ARMY,0.02,0.04,4,"1,831",9.999
93,Katatonik,0.179,0.03,2,825,2.500
94,Based Ghouls,0.09,0.03,45,"1,822",6.667
95,PUNKS: Issue #2,0.107,0.03,112,"6,696",13.886
96,Not Okay Bears,0.0294,0.02,1.436,"3,020",10.000
97,MEGAMI,0.0779,0.02,12,"4,186",9.704
98,The Moon Boyz,1,0.02,2,"3,715",11.110
99,Prime Kong Planet,0.05,0.02,9,"3,482",9.797
100,Lonely Alien Space Club,0.0673,0.02,8,"3,892",10.000
101,Moonrunners: Secrets of Primordia,-,0.02,2,"4,030",12
102,Wizards of the Tower Shade,0.0376,0.01,3,"1,557",10.000
103,ENS: Ethereum Name Service,0.001,0.01,2.747,"613,120",2.880.286
104,Moonlings NFT Official,0.0194,0.0,7,"2,912",10.000
105,OKX Football Cup,0.0001,0.0,1,"97,421",32
106,Zapper NFT V2,0.002,0.0,5,"86,996",30
107,KnownOriginDigitalAsset,0.0009,0.0,11,"16,754",187.025
108,Town Star,0.002,0.0,70,"65,284",1.561
109,THE SECRET SOCIETY XX,-,0.0,4,"2,714",6.666
110,Villagers of XOLO,0.05,0.0,14,"4,757",14.532
111,Goobers,0.021,0.0,31,"4,361",14.575
112,Chapter 7: Candle by Micah Johnson,0.9,0.0,3,933,1.232
113,A FIRE BURNS...,3.11,0.0,0,458,888
114,SpermNFT,-,0.0,0,418,1.000
115,Hall Of Fame Goat Lodge,3,0.0,7,"3,026",10.000
116,Juicebox Frens,0.0183,0.0,9,"2,871",6.969
117,The Boy who lost his mind Open Edition by Boss Logic,-,0.0,0,66,78
118,Cypher City,0.01,0.0,0,"2,788",8.886
119,Drug Receipts,0.102,0.0,7,"3,301",10.000
120,Rare Ghost Club,0.06,0.0,1,"2,455",5.005
121,Baby Battle Bots Gen One,0.01,0.0,0,"1,371",3.498
122,ImmortalPlayerCharacter,0.1,0.0,3,"3,878",11.998
123,Four Winds Open Edition by Blake Kathryn,-,0.0,0,49,319
124,0xLady,-,0.0,0,"2,710",10.000
125,Marilyn Monroe: American Dream,-,0.0,0,1,1
126,Verb,0.0128,0.0,19,"2,717",6.500
127,Hikari,0.009,0.0,32,"2,814",5.555
128,Super Golden Cloud Key,-,0.0,24,800,1
129,Cosmic Wyverns,-,0.0,0,"1,842",3.500
130,Raccoon Secret Society,-,0.0,0,"3,148",10.000
131,Free Hand,0.0299,0.0,5,"1,194",2.882
132,PulsesOfImagination,0.78,0.0,0,395,1.024
133,lobsterdao,0.8776,0.0,173,"1,895",3.542
134,RTFKT Space Drip x Nike Air Force 1,0.5,0.0,1,289,593
135,BearsOnTheBlock,0.0736,0.0,0,"3,151",9.495
136,posersnft,0.12,0.0,21,"1,471",5.000
137,Raising the Flag on Iwo Jima in 3D,-,0.0,0,5,5
138,MoonPepes,0.026,0.0,8,"1,340",4.200
139,Zunkz,0.0332,0.0,740,"3,436",10.000
140,Cryptoon Goonz,0.45,0.0,53,"2,916",6.969
141,Kahiru,0.039,0.0,13,"1,873",7.222
142,HashDemons,-,0.0,0,"1,580",6.660
143,VoxoDeus Minter,-,0.0,0,1,1
144,DeLorean Gullwing Open,-,0.0,0,18,18
145,SMOWL,0.2907,0.0,32,"1,350",4.201
146,NFTeams,0.133,0.0,22,"2,107",10.000
147,0xmons.xyz,13.6429,0.0,81,221,341
148,DeLorean (DMC) x Riocam #2,-,0.0,0,4,4
149,Wafuku,0.4439,0.0,0,"2,000",11.559
150,PixelMap,0.88,0.0,17,537,2.675
151,Memories Of A Masterpiece,-,0.0,4,516,999
152,NFT Worlds Genesis Avatars,0.09,0.0,28,"4,086",11.908
153,JOYWORLD JOYtoys,0.49,0.0,0,"1,515",3.422
154,AO Art Ball,0.13,0.0,12,"3,696",6.776
155,Oz Lifetime Pass,7.9,0.0,0,63,175
156,Art Blocks,10,0.0,876,"2,929",10.746
157,n,0.02,0.0,17.820,"1,864",8.888
158,LandVoucher,0.351,0.0,25,995,1.836
159,Copa America 2021: Goleador,-,0.0,0,1,1
160,KPR,0.0014,0.0,476,"3,348",10.000
161,Something Token,0.1,0.0,367,"3,929",10.000
162,Bone Ducks,-,0.0,0,"3,613",6.555
163,Angry Pitbull Club,0.048,0.0,8,"4,799",10.000
164,BYOLand,0.1234,0.0,134,"2,637",10.056
165,apileofbones,0.01,0.0,1,"1,010",6.666
166,Pudgy Rods,0.5765,0.0,44,"3,004",7.398
167,Floki Inu - Ruby,-,0.0,1,376,455
168,BladeRunner Punks,0.0009,0.0,0,"3,971",10.000
169,Heavy Metal: Taarna,-,0.0,0,1,1
170,CryptoJankyz,0.085,0.0,79,"5,742",13.684
171,The Sandbox,-,0.0,0,"2,702",96
172,FewoWorld Paint,0.599,0.0,74,"2,690",7.303
173,Sushiverse,0.02,0.0,0,"3,825",9.999
174,Skater Birds,0.089,0.0,0,"1,381",2.507
175,BestFriend,0.0097,0.0,0,"1,955",6.500
176,BlankFace,0.01,0.0,5,"5,297",9.999
177,the sunnies collection,0.0408,0.0,11,"4,754",9.141
178,BYOVAPE,0.08,0.0,27,"2,533",1
179,Dan Marino: Common,-,0.0,0,73,83
180,Shields,0.147,0.0,22,"1,413",5.000
181,Holy Heroes,-,0.0,1,"1,864",3.333
182,Spicy Pumpkins,0.012,0.0,0,"1,820",4.443
183,Cryptorastas,0.05,0.0,3,"3,740",10.421
184,JustCubes,0.1,0.0,32,"3,241",4.444
185,BYOKEY,-,0.0,9,167,2
186,Satoshi Runners,0.039,0.0,5,"1,213",7.777
187,Undead Pastel Club,0.19,0.0,14,"6,044",9.999
188,Fungible Fungi Mint Pass,-,0.0,2,208,10.000
189,#LetsWalk,2.1,0.0,24,956,100
190,Pixlton - The Awkward NFT Town,0.09,0.0,3,"1,609",5.469
191,Sougen Genesis Collection,0.0291,0.0,3,"1,634",8.888
192,3gmAIBanners,0.035,0.0,0,"1,697",4.912
193,MoongirlsEmanueleFerrari,0.12,0.0,0,910,3.333
194,The WonderQuest,0.02,0.0,778,"2,795",10.000
195,PROOF Collective,33,0.0,2.229,943,1.000
196,TheProjectURS,0.0102,0.0,0,"3,588",9.983
197,DeadFrenz Pass,-,0.0,32,725,6
198,IN MEMORIAM Reward by billelis,-,0.0,0,1,1
199,Gutter Juice,0.099,0.0,608,"3,253",32.000
200,dcl://pm_dreamverse_eminence,-,0.0,0,18,19
201,Neo Tokyo Part 3 Item Caches,-,0.0,13,322,2.495
202,Stryking,-,0.0,0,29,240
203,Pumpametti,0.33,0.0,1,171,300
204,Vitalik Pumps,0.06,0.0,1,"1,620",5.000
205,RTFKT BONUS ITEMS,-,0.0,5,369,24
206,Robotos,0.1218,0.0,209,"5,587",9.999
207,Sipher NEKO,0.044,0.0,8,"3,570",10.000
208,Shaquille O'Neal: Champion IV,-,0.0,0,65,76
209,Kumo x World,0.15,0.0,14,"3,606",6.650
210,Metropolis World Passport,0.1112,0.0,2,"1,462",5.000
211,Mirs Of Space,0.01,0.0,4,"3,551",6.969
212,The GODA Mint Pass,2.699,0.0,282,731,1.000
213,UpcomingNFT,-,0.0,150,437,1.350
214,Filaments,0.25,0.0,0,337,500
215,Associated Press & Transhumanism: Biology / Code,-,0.0,0,74,83
216,NEKO Official,-,0.0,0,"2,509",7.703
217,Thingdoms NFT Official,0.0459,0.0,21,"4,419",10.000
218,ANTIPODE Open Edition by Zedd x Silly Gabe,-,0.0,0,90,316
219,Satoshibles,0.1531,0.0,5,"1,341",4.999
220,ABSOLUTELY DO NOT MINT,0.55,0.0,11,"1,284",3.745
221,Ethernity Metaverse: Forrest Forever,-,0.0,0,10,10
222,dcl://ml_liondance,-,0.0,0,191,495
223,Metacraft Season Pass 2022,0.02,0.0,5,"5,649",10.000
224,Saconi Holmovimiento,-,0.0,0,451,1.999
225,Little Lemon Friends,0.059,0.0,50,"5,306",9.999
226,DystopiansXYII,-,0.0,0,2,4
227,Moondust,0.1,0.0,1,867,6.669
228,JRNY NFT Club,0.659,0.0,321,"5,632",10.000
229,PsychonautzNFT,0.0092,0.0,23,"3,853",9.999
230,Fatales,0.0286,0.0,5,"3,696",10.000
231,LlamaBoost,-,0.0,10,190,5
232,PUNKS Comic 3 Collectors,-,0.0,0,883,1.500
233,DuskBreakers,0.17,0.0,47,"2,812",10.000
234,USSF: ARMSTRONG Mission Blastoff!,-,0.0,0,8,10
235,KaijuKingz,0.284,0.0,417,"3,305",9.393
236,6529 Gradient,-,0.0,4,79,101
237,Sheet Fighter,-,0.0,3,"1,019",8.888
238,Dan Marino: Legendary,-,0.0,0,93,103
239,ExpansionPunks,0.0276,0.0,13,"3,235",9.994
240,OnChain Royale,-,0.0,0,"1,718",8.008
241,Ken Block's Hoonifox: Solid Gold Signature Edition,-,0.0,0,1,1
242,Tony Hawk: The Final 540 Ollie,-,0.0,0,1,1
243,CheezeWizard,0.038,0.0,0,93,243
244,Dak Prescott & Zeke Elliott: 214 Wearable,-,0.0,0,27,34
245,Prada Timecapsule,-,0.0,0,162,450
246,Mind the Gap by MountVitruvius,1.999,0.0,40,542,999
247,Loomi Heads,0.01,0.0,11,"2,686",5.555
248,Metroverse City Block,0.039,0.0,199,"2,439",10.000
249,Pootopia,-,0.0,0,"1,654",5.555
250,NAH FUNGIBLE BONES,0.029,0.0,4,"4,639",10.004
251,LonelyPop,0.029,0.0,120,"4,088",10.000
252,OOF Collective,-,0.0,1,968,1.765
253,[ Ledger ] Market - Black-on-Black Nano X,0.093,0.0,4,"3,785",10.000
254,Nuclear Nerds,0.29,0.0,110,"3,017",8.999
255,Pointillist,0.25,0.0,0,1,1
256,Lost Souls Sanctuary,-,0.0,1,"1,844",9.998
257,Not Your Demons,0.0244,0.0,0,"2,308",10.000
258,Drop Bears,0.03,0.0,1,"4,182",9.999
259,Whiskers,0.0255,0.0,34,"3,238",5.555
260,Sidus NFT Heroes,0.19,0.0,10,"1,223",6.000
261,Dreamers,0.0281,0.0,6,"4,177",14.067
262,Bullrunners,0.1,0.0,0,"2,575",10.000
263,dcl://dc_niftyblocksmith,-,0.0,0,84,290
264,Bad Bunnies NFT,0.039,0.0,5,"1,821",5.500
265,Ibutsu,0.102,0.0,2,637,3.333
266,FVCK_AVATAR//,0.149,0.0,36,"2,564",10.409
267,Metakey,0.1949,0.0,62,"5,983",5
268,Zeke Elliott: Common,0.21,0.0,0,121,137
269,CryptoPochi,0.77,0.0,0,430,732
270,NOT DITTO,0.01,0.0,0,"1,543",4.004
271,SHIBOSHIS,0.61,0.0,45,"3,518",10.000
272,Tom Sachs Rocket Components,0.5,0.0,2,133,3.000
273,Wrapped Strikers,0.2,0.0,2,935,3.947
274,Beings,0.0033,0.0,1,"2,218",5.615
275,Kido NFT,-,0.0,0,"1,047",3.167
276,Virtual Flaneur,0.03,0.0,22,218,36
277,BoxingBoyz,0.165,0.0,2,"1,543",5.008
278,The Stoics by Gabe Weis,0.0669,0.0,8,"1,445",5.000
279,Neon District In-Game Item,0.09,0.0,0,"2,139",45.502
280,Avarik Saga,0.12,0.0,6,"2,242",8.887
281,Anderson Silva: Legendary,-,0.0,0,69,74
282,mooncatz,0.05,0.0,4,"2,433",5.555
283,VARIANT,-,0.0,4,"1,466",3.333
284,Galactic Apes,0.049,0.0,21,"3,412",9.998
285,Beeple Special Edition,-,0.0,0,54,102
286,IreneDAO,0.999,0.0,37,461,1.106
287,Kith Friends,0.49,0.0,4,"2,511",12
288,MUSHROHMS,-,0.0,5,824,1.500
289,Woodies,0.06,0.0,73,"3,903",9.739
290,VeeFriends Mini Drops,0.088,0.0,5,898,3.966
291,MPL,0.14,0.0,34,"2,381",10.000
292,LaMelo Ball Collectibles,-,0.0,0,"3,212",8.069
293,Loot (for Cyberpunks),-,0.0,0,"1,208",3.010
294,PrimeEternalChampion,0.5999,0.0,11,"2,106",7.622
295,Lofi Kitties,0.003,0.0,0,"2,798",9.999
296,BossLogic: Base Shadowless,-,0.0,0,346,500
297,TheBirdHouse,0.05,0.0,0,"2,156",6.000
298,Meka Rhinos,0.011,0.0,7,"1,007",3.333
299,HYPEBEARS,0.0296,0.0,258,"3,404",10.000
300,LuckyManekiNFT,0.03,0.0,0,"3,098",14.158
301,BlockchainBikers,0.01,0.0,0,"4,712",11.111
302,Pop Art Cats by Matt Chessco,0.045,0.0,39,"4,305",10.000
303,Goofy Oversized Optics People,0.016,0.0,2,"2,262",10.000
304,Glue Factory Show,0.174,0.0,2,"3,447",10.000
305,knightstown.wtf,-,0.0,1,"3,445",6.969
306,Anonymice Babies,0.25,0.0,10,"1,751",3.539
307,PUNKS 2: BIZ Collector's Edition,-,0.0,3,716,750
308,TWELVE ANONYMOUS TOURNAMENTS,0.014,0.0,3,"1,895",5.555
309,Mojimon,0.01,0.0,0,"2,135",10.000
310,PXN: Ghost Division,0.29,0.0,3.858,"5,193",10.000
311,Roaring Leaders,0.025,0.0,0,"1,546",9.999
312,Cosmic Cuties,-,0.0,0,207,333
313,Streetlab Genesis,0.088,0.0,21,934,4.444
314,KaijuKingz,-,0.0,1,182,1.815
315,ZombieToadz,-,0.0,0,"1,660",5.555
316,Maxwells,-,0.0,0,239,512
317,Choadz,0.02,0.0,0,"2,224",4.917
318,SELF GROWTH// by Fvckrender,-,0.0,0,18,26
319,Smilesss,0.1249,0.0,426,"4,298",8.807
320,PILLAGERS,0.005,0.0,0,"1,430",4.465
321,CryptoToysClub,-,0.0,0,335,2.209
322,Relics of a mortal past by Billelis,-,0.0,0,15,61
323,Synthetic Dreams,4.8,0.0,13,546,1.000
324,GenerativeDungeon,0.278,0.0,39,720,3.000
325,547xFRENs,-,0.0,0,24,59
326,Gutter Mint Passes,1.25,0.0,1,68,6.000
327,MAX PAIN AND FRENS RANKED AUCTIONS BY XCOPY,21,0.0,0,31,42
328,Vogu,0.07,0.0,42,"2,761",7.777
329,Property's NFT,0.02,0.0,4,"2,055",6.000
330,The KittyButts,0.005,0.0,0,"2,800",9.999
331,Animetas,0.0857,0.0,57,"3,896",10.101
332,Surrogates,1,0.0,0,98,154
333,SkuxxVerse Pass,0.0148,0.0,69,"2,511",7.777
334,Crypto Chicks,0.16,0.0,470,"4,395",10.000
335,8SIAN MAIN COLLECTION,0.045,0.0,30,"4,350",8.888
336,Spirit Gates,0.2657,0.0,3,"1,076",3.623
337,DEGEN TOONZ,0.7,0.0,559,"3,831",8.888
338,CREYZIES,0.1,0.0,335,"4,881",9.966
339,Trippy Toadz,0.222,0.0,14,"2,834",6.969
340,Dead Army Skeleton Klub,0.12,0.0,4,"1,695",6.969
341,Wilder Beasts: Wolf,1.425,0.0,53,"1,329",3.333
342,MetaDoge,-,0.0,0,"1,234",2.364
343,CryptoMories,0.24,0.0,636,"5,089",10.000
344,Half-Skull Of WZRD,-,0.0,0,298,1
345,Cool Cats,2.398,0.0,5.927,"5,562",9.960
346,RELI3F UKR,-,0.0,0,"4,042",37
347,FLUF World: Thingies,0.5,0.0,91,"2,976",9.581
348,Tasty Bones,0.0756,0.0,128,"3,192",5.049
349,GPS Satellite Constellation,-,0.0,0,116,131
350,Treeverse,0.91,0.0,530,"3,392",10.420
351,Doomsday Garden,0.1,0.0,1,566,3.493
352,Plug Pass,-,0.0,11,794,1
353,Ey3k0n,0.06,0.0,18,"2,021",10.000
354,Outkast,0.0189,0.0,3,"2,626",10.000
355,Ethernity Metaverse: Wearable Black Sneakers,-,0.0,0,35,50
356,Rebels In Disguise : Generative Collection,-,0.0,0,336,702
357,GEN.ART Membership,0.13,0.0,12,"2,382",5.100
358,Cryptoadz by GREMPLIN,1.4388,0.0,1.429,"4,083",7.025
359,Polymorphs,0.22,0.0,24,"1,835",10.000
360,MINDDS,-,0.0,0,374,290
361,Sneaky's Internet Friends,0.1979,0.0,29,785,2.000
362,Wassies by Wassies,0.7,0.0,202,"2,445",12.344
363,Mafriends x Wizards Portals,-,0.0,1,36,52
364,Frenetik Void Open Edition,-,0.0,0,35,102
365,Chubbies,0.1,0.0,5,"3,277",9.997
366,Cyber Gorillas,0.089,0.0,6,502,3.333
367,Its Not What It Looks Like,-,0.0,0,"1,137",3.000
368,dcl://dappcraft_moonminer,-,0.0,0,125,354
369,CopeBears,0.07,0.0,3,"1,887",8.000
370,Deep Space,0.01,0.0,0,832,3.806
371,Twin Tigers Jacket,0.149,0.0,19,"5,115",2
372,Koripo by Rich Poole,0.4977,0.0,6,538,999
373,Superlative Apes,0.0277,0.0,20,"2,221",4.444
374,MoonCatLootprint,0.45,0.0,1,"2,264",11.715
375,Bored Ape Comic,0.06,0.0,0,"2,691",9.998
376,Whales Game,-,0.0,0,"3,683",31.983
377,Relics Pass,-,0.0,32,737,1.000
378,PEGZ,45.9184,0.0,14,57,103
379,Lamb Duhs,0.01,0.0,1,"2,662",8.500
380,Cats,0.009,0.0,0,497,10.000
381,AlibabaAndFortyThieves,-,0.0,0,299,2.000
382,Bruce Lee: The Dragon,-,0.0,0,1,1
383,truePengu,-,0.0,0,"4,413",3
384,GAMEBROS,-,0.0,0,85,222
385,3LAND INVENTORY,1,0.0,18,"6,601",12
386,Miningverse,-,0.0,0,239,1.249
387,FrankenPunks,0.068,0.0,21,"4,810",10.000
388,The Squids,-,0.0,1,"1,016",2.000
389,Galz,-,0.0,0,686,3.256
390,TinyPaws,-,0.0,0,"2,399",6.111
391,Genzee,0.1,0.0,11,"2,448",9.991
392,dcl://stay_safe,-,0.0,0,190,631
393,Bobu Token (Azuki #40),0.089,0.0,43,"11,531",1
394,Eggscelland Official,0.01,0.0,0,"1,346",3.333
395,Mutant Garden Seeder,69.69,0.0,4,280,512
396,The Carton,1.45,0.0,17,339,500
397,Loopy Donuts,0.009,0.0,0,"3,934",10.000
398,IDZ,0.48,0.0,0,609,4
399,DISRUPTOR by XCOPY,-,0.0,0,13,20
400,Ape Gang,0.089,0.0,11,"2,472",8.297
401,[UNFORGED] RTFKT x NIKE AR HOODIE  üïä‚úîÔ∏è,-,0.0,14,325,1
402,pplpleasr,-,0.0,0,248,276
403,KILLAz,0.0129,0.0,1,"3,912",9.971
404,Nobody .,-,0.0,1,"1,211",3.210
405,Sneaky Vampire Syndicate,0.146,0.0,196,"2,719",8.888
406,Web4Ded,0.01,0.0,0,"2,105",6.666
407,Monaco Planet,0.02,0.0,2,"4,667",9.999
408,Waifus,0.1,0.0,1,"2,212",16.384
409,Argentina: Mystery Box,-,0.0,0,1,1
410,8bitguyz,0.0001,0.0,0,"7,147",10.000
411,Nickelodeon,0.08,0.0,8,"2,168",6.483
412,Ciphersquares,0.5,0.0,0,"1,191",3.623
413,oncyber labs,0.53,0.0,572,"8,916",5
414,POAP,0.0075,0.0,3,"22,180",35.756
415,Bored Ape Chemistry Club,26,0.0,7.027,291,3
416,The Crypto Bear Watch Club,0.254,0.0,0,319,3.010
417,MultiPass,-,0.0,0,"1,390",3.970
418,froyo kittens,0.0673,0.0,65,"3,138",10.000
419,Valhalla,-,0.0,0,"3,316",9.000
420,Gradis,0.1714,0.0,3,"1,115",4.192
421,pale blue death (a color study),0.85,0.0,0,653,15
422,James Dean: 3D Icon Metal Bust,-,0.0,0,7,7
423,Moonbirds,8.2745,0.0,24.080,"6,547",10.000
424,Frontier Game,0.012,0.0,7.454,"6,366",57
425,Dan Marino: Epic,-,0.0,0,264,302
426,888 Inner Circle - Blue Realm,0.03,0.0,4,"2,914",9.437
427,It's nothing,0.008,0.0,12,"3,295",8.888
428,CanineCartel,0.009,0.0,0,"4,353",9.999
429,Space Monkeys NFT,0.0201,0.0,0,"2,521",7.000
430,Monkerunners Official,0.01,0.0,0,"2,269",6.796
431,Phrocks,-,0.0,0,19,100
432,Shapeshifter by JAKE,-,0.0,0,220,8
433,NetvrkLand,0.4082,0.0,38,"2,730",10.393
434,FAKE NEWS by COLDIE,-,0.0,42,25,55
435,Cat Bricks Clubhouse,0.005,0.0,35,"4,041",9.999
436,Boki,0.1133,0.0,602,"3,685",7.777
437,Petabytes,0.0204,0.0,1,"1,212",2.022
438,Theirsverse Official,0.29,0.0,20,"1,372",5.500
439,Eyeverse.world,0.085,0.0,8,941,3.333
440,Dak Prescott: Legendary,-,0.0,0,95,103
441,Ape Harbour Yachts,0.015,0.0,1,"2,467",7.776
442,dcl://cybermike_cybersoldier_set,-,0.0,0,8,60
443,Pixel Foxes,0.01,0.0,0,"3,272",10.000
444,Forgotten Souls,1.5692,0.0,26,387,683
445,RTFKT x RIMOWA WorkerBot ü§ñ,0.18,0.0,12,"2,076",5
446,Digitals Animals,0.2,0.0,3,"2,935",8.888
447,We are Itsuki,0.015,0.0,0,"2,013",6.666
448,MintdiscThree,-,0.0,1,446,817
449,Cryptowalkers,0.229,0.0,14,"1,972",6.545
450,Nas: It Ain't Hard to Tell,-,0.0,0,9,10
451,TinyCourses,-,0.0,0,7,12
452,CryptoMutts,0.03,0.0,2,"2,288",10.000
453,Metroverse Blackout City Block,0.0296,0.0,44,"2,389",10.000
454,Ethernity Metaverse: Wearable Hoodie,-,0.0,0,53,100
455,MonkeVerse,0.1,0.0,0,"1,512",3.333
456,ASMAIFAAllStarsBoxSet,2,0.0,186,426,10.000
457,DigiDaigaku Genesis Adventure Key Castaways,0.9,0.0,6,"1,120",2.022
458,Genesis Blocks,0.095,0.0,0,"1,096",2.500
459,We All Survived Death,0.055,0.0,6,"2,439",10.000
460,Ghxsts Cxlture,0.5,0.0,2,884,19
461,Factura by Mathias Isaksen,1.5306,0.0,40,520,999
462,gego.dego,0.0045,0.0,0,"26,270",54.090
463,Starlink PixelNauts,0.15,0.0,6,"1,746",9.999
464,Ethernity Metaverse: Wearable T-Shirt,-,0.0,0,59,100
465,Toxic Skulls Club,0.13,0.0,100,"4,445",9.999
466,CryptoPunks V1,6.1,0.0,8.996,881,3.498
467,adidas Originals: Into the Metaverse,0.33,0.0,1.304,"19,764",5
468,Hertz,-,0.0,0,"2,211",8.121
469,Beyond Earth Land,0.05,0.0,11,"1,709",10.000
470,TGLP Genesis,-,0.0,0,992,1.001
471,Pawn Bots,0.098,0.0,5,663,8.888
472,Doodle Labs,0.028,0.0,3,"3,469",12.951
473,Boring One,0.05,0.0,6,"1,430",3.333
474,SlimHoods,0.48,0.0,191,"2,500",5.000
475,MakersPlace,0.015,0.0,0,"4,025",20.262
476,Realitic,2.95,0.0,2,81,186
477,The Phoenixes by Habit Nest,0.0197,0.0,3,"2,447",8.888
478,STEPNNFT,-,0.0,181,365,8.391
479,DCL Registrar,0.032,0.0,2,"14,163",38.252
480,Barn Owlz,0.0918,0.0,1,"1,245",3.000
481,DeHorizon,-,0.0,0,"2,316",12.001
482,Somnium Space Avatars,-,0.0,1,118,283
483,Stickmen Toys,0.0378,0.0,20,"3,094",5.000
484,MV3,0.39,0.0,9,"2,289",6.501
485,CryptoZombiez,-,0.0,0,959,5.555
486,Lost In The Devil Triangle,-,0.0,0,678,2.022
487,N3URAL1NK - Part 3 by NessGraphics,-,0.0,7,37,64
488,League of Kingdoms Resource,0.1,0.0,1,736,2.368
489,F1¬Æ Delta Time Inventory,-,0.0,1,"1,429",40.572
490,SuperGeisha,0.0195,0.0,4,"1,970",6.776
491,Ken Block's Hoonifox: The Miami Livery,-,0.0,0,17,23
492,Skulltoons,0.0061,0.0,5,"4,364",7.777
493,LAST ESSENCE,0.0897,0.0,1,"1,458",3.444
494,Grails II Mint Pass,-,0.0,6,1,1.174
495,CosmodinosOmega,0.05,0.0,15,"4,197",8.888
496,RektFolios,0.1,0.0,1,"4,776",10.000
497,Probably A Label,0.035,0.0,1,"3,234",5.555
498,DystopiansXYZ,-,0.0,0,2,2
499,Linagee Name Registrar Wrapper,0.003,0.0,1,"15,016",69.690
500,Vikings & Villagers,-,0.0,0,965,7.211
501,Teller NFT,-,0.0,0,363,2.152
502,Bulls and Apes Project - Genesis,0.796,0.0,45,"1,472",10.501
503,Furballs.com (Official),-,0.0,1,987,7.407
504,BearMarketBears,-,0.0,0,"3,130",9.995
505,Dapper Dinos,0.1,0.0,12,"3,920",9.997
506,Associated Press Medallion,-,0.0,0,27,35
507,StackedToadz,0.014,0.0,0,695,2.999
508,War Riders Gun,0.007,0.0,0,"1,264",14.269
509,Artifex,0.2,0.0,0,819,4.049
510,Mad Cat Militia Cattery,-,0.0,0,1,2
511,OneOnes,0.0765,0.0,25,"3,357",6.565
512,Peacefall,0.0097,0.0,58,"2,238",8.192
513,goopdoods by GOOPDUDE,0.0367,0.0,68,"3,223",8.000
514,Heavy Metal: Adrienne James Trading Card,-,0.0,0,18,18
515,FTC Official,0.035,0.0,41,"2,636",6.969
516,STRONG GOLD #443,-,0.0,49,"2,052",5.182
517,The Flower Girls,0.2,0.0,85,"4,090",9.999
518,Rollbots,-,0.0,0,68,10.000
519,The GOAT Society,0.069,0.0,1,"3,154",11.000
520,BlockCities,0.148,0.0,0,640,3.232
521,PUNKS 2: LONE-STAR Collector's Edition,-,0.0,5,704,750
522,Proof of Pepe,0.05,0.0,0,"1,520",5.000
523,KnightStory Item,0.03,0.0,0,"6,179",42.842
524,Blockparty,-,0.0,0,271,1.519
525,Cat & Mouse game,-,0.0,0,418,6.574
526,Bored Ape Comic Printing Press,-,0.0,0,1,3
527,The Lunartics,0.028,0.0,30,"5,140",9.998
528,Splat by Devotion,0.66,0.0,2,469,1.000
529,BEANZ Official,1.9,0.0,12.153,"7,294",19.950
530,Mutant Punks NFT,0.0061,0.0,1,"4,429",9.999
531,DeLorean: Into the Metaverse,-,0.0,0,90,104
532,CryptoMotors,-,0.0,0,248,559
533,Zimmy Raiders,0.01,0.0,4,"1,979",5.208
534,0bits,0.198,0.0,4,"2,926",7.132
535,dcl://mf_sammichgamer,-,0.0,0,110,285
536,Land DAO,-,0.0,0,121,256
537,Love Is Love,-,0.0,0,351,500
538,Impostors Genesis,0.72,0.0,637,"4,658",10.420
539,Forgotten Runes Infinity Veil,2.6,0.0,14,349,1
540,Typenauts,-,0.0,0,"1,159",3.000
541,Slumdoge Billionaires,-,0.0,0,"2,570",9.999
542,BASTARD GAN PUNKS V2,0.14,0.0,45,"2,792",11.305
543,Moose,0.01,0.0,0,944,10.000
544,dcl://dcg_collection,-,0.0,0,106,400
545,Project Kaito,0.007,0.0,0,"3,061",7.777
546,CryptoAssaultUnit,-,0.0,0,436,29.126
547,Voxel Ville,0.02,0.0,11,"1,508",5.003
548,"James Dean: ""Little Bastard"" Porsche",-,0.0,0,1,1
549,Aether,-,0.0,0,355,804
550,Fly Frogs,0.049,0.0,2,"3,791",9.999
551,Party Penguins,0.029,0.0,6,"3,933",9.999
552,Pirate,0.25,0.0,2,708,9.999
553,From the Fragments of Tezuka Osamu - Generative Art,-,0.0,1,"1,625",3.037
554,Spiral Frequencies,0.25,0.0,1,"2,987",6.315
555,tokenproof: Founder's Circle,0.2189,0.0,15,871,1.234
556,FoxGame,-,0.0,0,762,10.000
557,DarkSuperBunnies,0.059,0.0,0,"1,725",5.000
558,DiamondHands,0.0159,0.0,1,"2,244",11.110
559,Citizens of Bulliever Island,0.0962,0.0,21,"2,295",10.000
560,Card,-,0.0,0,"1,703",4.902
561,PixPanda,-,0.0,0,540,1.000
562,KawaiiMetaCollage,-,0.0,0,"1,241",5.555
563,dcl://community_contest,-,0.0,0,"1,491",9.676
564,Monster Ape Club,0.038,0.0,2.667,"3,665",7.998
565,Karafuru x HYPEBEAST x atmos,0.03,0.0,5,"5,499",9.151
566,AlphaDogs,0.0367,0.0,3,605,4.587
567,YOLOFOXNFT,0.05,0.0,0,786,2.269
568,SAN Origin,0.089,0.0,1,"2,163",10.000
569,Sad Girls Bar,0.038,0.0,38,"4,664",10.000
570,Glitches,0.0198,0.0,0,"2,744",5.000
571,Candy Robbers,0.03,0.0,0,"1,871",5.000
572,Women and Weapons,0.14,0.0,57,"5,836",9.999
573,VOX Series 3,0.32,0.0,52,"2,933",8.071
574,Tsuki,0.0902,0.0,28,"5,103",10.000
575,PILLS,-,0.0,4,613,1.622
576,[ Ledger ] Market Pass - Genesis Edition,0.1531,0.0,126,"7,881",10.000
577,Inhabitants: MintPass 2,0.13,0.0,41,"7,611",1
578,BVGARDEN,0.25,0.0,6,"2,176",4.444
579,The Memes by 6529,-,0.0,13,"5,495",52
580,Murakami.Flowers Seed,-,0.0,1.003,370,1
581,The 6 Brides of Lucifer by Billelis,-,0.0,0,14,61
582,Non-Fungible Heroes,0.039,0.0,8,"3,226",8.887
583,CLONE X MINT VIAL üß™,11.5,0.0,778,286,7.558
584,Project 0xD38,0.0049,0.0,31,"2,998",10.000
585,G‚ÄôEVOLs,0.1071,0.0,13,"3,451",8.888
586,Heroes,0.0816,0.0,4,805,3.334
587,Phil Ivey: King Card,-,0.0,0,14,16
588,dcl://wonderzone_meteorchaser,-,0.0,0,264,482
589,Moonswingers,0.008,0.0,0,"1,602",5.555
590,Bastard Penguins,0.01,0.0,0,"3,784",9.999
591,Party Bears,0.428,0.0,109,"3,920",9.669
592,9999 Luftballons,0.007,0.0,1,"1,877",9.683
593,Isekai Battle,-,0.0,0,637,6.499
594,Private Jet Pyjama Party,0.179,0.0,37,"2,234",5.267
595,Yokai Kingdom Genesis,0.028,0.0,11,"2,549",8.888
596,BALUBA,0.01,0.0,2,"2,774",10.000
597,LeprechaunTown_WTF,0.03,0.0,8,"2,038",7.777
598,Ken Block's Hoonifox: Smoky Donuts & FIRE,-,0.0,0,46,51
599,Sappy Seals,1.449,0.0,415,"2,107",10.000
600,DuDuLab NFT,0.051,0.0,3,"2,716",10.000
601,MoonCatMoments,-,0.0,0,3,63
602,OGCR,0.0532,0.0,39,"3,476",10.300
603,Flooz GEN-F,0.12,0.0,30,"4,007",10.000
604,MAX PAIN AND FRENS OPEN EDITION BURNS BY XCOPY,-,0.0,0,64,88
605,Hor1zon,0.011,0.0,2,"3,925",6.999
606,Scremlins,-,0.0,0,944,3.333
607,SympathyForTheDevils,0.02,0.0,0,"1,900",7.749
608,888 Inner Circle,-,0.0,131,"2,119",2
609,Okay Duck Yacht Club,0.0255,0.0,18,"2,123",5.555
610,Squiggly,-,0.0,0,53,100
611,gmDAO token,5.25,0.0,35,659,849
612,Borpacasso,0.45,0.0,0,"1,127",2.250
613,Galaxy Fight Club,0.12,0.0,91,"3,098",9.991
614,CryptoTrunks,0.04,0.0,1,"9,498",20.999
615,Snoop Dogg,0.2,0.0,0,"1,076",2.000
616,WOOSHI WORLD,0.0204,0.0,1,"4,478",11.110
617,PUNKS 2: KIKI Collector's Edition,0.0739,0.0,3,697,750
618,EXORIANS: CM21 MINT PASS,-,0.0,0,207,321
619,ChainbreakersPets,-,0.0,0,140,447
620,Forest Spirits by ZENFT,0.009,0.0,35,"2,806",8.888
621,Quirkies,1,0.0,1.047,"2,020",5.000
622,GM GN Industries By Degen Toonz,0.15,0.0,2,968,2
623,Suki Learns to Fly,0.0035,0.0,4,977,5.555
624,EpicEagles,0.03,0.0,0,"3,861",7.675
625,Everybody has Evil,-,0.0,0,234,314
626,The Potatoz,-,0.0,357,"4,176",9.999
627,Template,0.015,0.0,0,"2,029",8.992
628,Lucky Neko!,0.016,0.0,0,"1,704",6.500
629,The Possessed,0.0666,0.0,57,"5,630",10.000
630,OutSad Official,0.499,0.0,1,"2,827",5.000
631,SuperBunnies,0.089,0.0,0,"1,716",5.000
632,CrazySkullz,20,0.0,3,"2,768",10.000
633,BullsOnTheBlock,0.09,0.0,6,"2,135",10.000
634,Ether Orcs Genesis,0.2888,0.0,23,272,5.030
635,WonderPals,0.12,0.0,108,"6,136",10.000
636,"Lionel Messi: ""Man From Tomorrow""",-,0.0,0,67,75
637,WagmiUnited,0.145,0.0,9,"1,600",1
638,The Outsiders,0.6,0.0,66,60,3
639,Goblinland_wtf,0.005,0.0,0,"2,123",5.000
640,Arabian Camels,0.032,0.0,4,"3,189",12.009
641,Foundation,0.08,0.0,8,"18,424",133.018
642,PLAYER ONE (1P)-MetaOasis,1,0.0,0,545,1.229
643,Moonbears,0.1531,0.0,21,"1,177",3.556
644,PirateApes,0.5,0.0,1,"1,309",5.700
645,Lost Miners of the Ether,0.602,0.0,2,"4,939",10.000
646,GossApe Girl Official,0.08,0.0,16,"3,087",7.000
647,HENI Editions Deed - The Empresses,1.85,0.0,8,613,1.562
648,Neo Tokyo Part 4 Land Deeds,-,0.0,16,52,2.145
649,Feudalz,-,0.0,0,564,4.444
650,Imps by SuperNfty,0.169,0.0,5,"3,629",10.000
651,Leave Me Alone,0.014,0.0,33,"2,603",10.000
652,Todd James Art Party Official,0.1531,0.0,4,689,1.533
653,FV_ARIAX9// by Fvckrender,-,0.0,0,57,101
654,Gener8tive K-Compositions,2.5,0.0,4,132,250
655,Warriors of the Hollow Frost,0.0111,0.0,0,"3,248",8.888
656,Wizard Pass,-,0.0,1,"1,752",1
657,SUPERPLASTIC: HEADTRIPZ PILLZ,-,0.0,32,"1,628",3
658,Plot,0.2,0.0,1,"1,638",22.251
659,Shamanzs,-,0.0,3,111,2.036
660,ALPACADABRAZ,0.2673,0.0,102,"4,441",9.669
661,"Lionel Messi: ""The King Piece""",0.3,0.0,0,"1,479",2.500
662,HELIX Founder Pass Official,0.48,0.0,26,"2,465",5.000
663,Souiii,-,0.0,0,2,3
664,You by BFF,0.084,0.0,51,"5,787",10.000
665,Remarkable Women,0.029,0.0,3,"2,139",6.000
666,Cxllabs,-,0.0,0,51,2
667,Rags to Richie by Alec Monopoly,0.1459,0.0,34,"1,033",3.333
668,HD Punks,0.76,0.0,2,"1,166",10.000
669,Emotes by Heart You,2.25,0.0,43,"1,043",1.433
670,GOATz,0.115,0.0,46,"2,615",10.000
671,Deejins,-,0.0,0,"1,185",2.345
672,Armstrong Footprint GPS III SV05 Commemorative,-,0.0,0,244,272
673,Super Yeti,0.0613,0.0,23,"4,203",9.999
674,Incognito,0.029,0.0,2,"3,216",10.000
675,Koala Intelligence Agency,0.0749,0.0,8,"4,813",10.000
676,Producer C,-,0.0,0,"1,806",4.988
677,"I Like You, You're Weird",0.0816,0.0,21,"3,717",10.000
678,Ultiverse - Electric Sheep,0.98,0.0,19,"2,601",10.000
679,SupDucks,0.3265,0.0,209,"3,814",10.001
680,Assplosion,0.003,0.0,1,"2,212",5.000
681,SLOTHOPIA,0.0034,0.0,0,"1,487",3.333
682,MinionSilhouete,0.0009,0.0,17,"3,013",9.998
683,Dodoor NFT,0.125,0.0,1,400,1.000
684,Laid Back Llamas,0.1,0.0,7,"3,260",7.000
685,HOWLERZ,0.102,0.0,29,"2,137",5.000
686,NewHere,0.185,0.0,0,"1,083",3.498
687,WynLambo,0.045,0.0,2,"2,674",9.997
688,Cheebs NFT,0.01,0.0,16,"3,458",10.000
689,Hashflow,0.009,0.0,5,"19,142",30.007
690,CryptoDickbutts S3,3,0.0,239,"1,865",5.200
691,Illuvium IDO Collection,-,0.0,14,"1,966",21
692,AI42 Loops,0.018,0.0,0,"1,776",5.489
693,Trait Sniper,0.085,0.0,103,"2,810",3.333
694,Copa America 2021: Champions,-,0.0,0,9,10
695,BasedHeads,-,0.0,0,"3,260",10.000
696,MAX PAIN AND FRENS DRAWING BY XCOPY,7.2,0.0,0,74,100
697,Chubbiverse Frens,0.2,0.0,22,"2,688",8.888
698,RobosNFT,0.004,0.0,0,812,2.222
699,Alpha Shark,-,0.0,14,415,450
700,iNFT Assets by Alethea AI,-,0.0,0,1,1
701,Dr.Ji,1.2245,0.0,1,"1,543",3.000
702,Tony Hawk: Tuck-Knee,-,0.0,0,19,20
703,Rings Genesis by Nick Kuder,-,0.0,0,46,65
704,FoxyFam,0.089,0.0,1,"1,345",3.332
705,NICE NFT,-,0.0,0,"2,706",9.995
706,The Blitnauts,1.8367,0.0,24,623,1.518
707,Bad Kids Alley,0.0663,0.0,0,"3,447",8.888
708,BearBox,-,0.0,0,164,1
709,Anthony Hopkins - The Eternal,0.299,0.0,4,535,1.000
710,dontrug.me,0.5,0.0,0,"1,535",211
711,Marilyn Monroe: In Hollywood,-,0.0,0,1,1
712,Yakuza Cats Society,0.05,0.0,4,"2,701",8.929
713,Kureiji,0.01,0.0,6,"2,555",5.555
714,adidas Originals: Capsule Collection,0.12,0.0,42,"9,647",24.280
715,CurseTicket,-,0.0,0,523,1.000
716,Superfuzz: The Bad Batch,-,0.0,0,456,777
717,The Alien Boy,0.08,0.0,33,"3,346",10.000
718,Voyagers,0.001,0.0,2,"2,821",10.000
719,TheWickedStallions,0.009,0.0,0,"3,582",9.814
720,Space Punks Club,0.0888,0.0,21,"4,143",10.000
721,Nas: Memory Lane,-,0.0,0,8,8
722,Sillies,0.05,0.0,0,"1,234",3.333
723,Crypto Bull Society,0.0918,0.0,42,"3,903",7.777
724,TRVBPToken,0.5,0.0,0,"1,420",1
725,Quantum Art,0.2143,0.0,47,"1,404",4.091
726,EYE EYE EYE,-,0.0,0,"2,209",5.001
727,Shaquille O'Neal: With Authority,-,0.0,0,825,963
728,EDO2022,-,0.0,0,982,2.022
729,Fast Food Frens Collection,0.058,0.0,0,"1,757",5.555
730,NinjaFaith,-,0.0,0,546,1.962
731,Kolectiv,0.05,0.0,32,538,1.115
732,Catch & Cash: Lifted Climb,-,0.0,0,20,20
733,BabyBear,-,0.0,0,732,1.626
734,SOULS,0.08,0.0,0,"2,803",10.000
735,YuGiYn,0.2,0.0,42,"2,482",8.888
736,Azuki Golden Skateboard Shrine,-,0.0,0,6,9
737,Alien Frens Evolution,0.102,0.0,21,"6,443",12.175
738,Blockchain Miners Club,0.15,0.0,15,"1,071",11.111
739,PROOF OF {ART}WORK,-,0.0,0,44,70
740,aspiring chad,-,0.0,0,190,1
741,Ape Reunion,0.09,0.0,43,"3,177",10.000
742,FVCKRENDERVERSE// Open Edition by Fvckrender,-,0.0,0,124,225
743,omgkirby,0.066,0.0,1,"2,088",5.000
744,dcl://tech_tribal_marc0matic,-,0.0,0,31,167
745,Strange Connections NFT,0.022,0.0,0,"1,485",3.980
746,Lipsies,-,0.0,0,53,18
747,Your Daytime Fireworks - Firework Packets,-,0.0,4,875,1
748,Buzzed Bear Hideout,0.014,0.0,2,"2,632",9.999
749,SUN SIGNALS,-,0.0,0,416,701
750,Quantum,-,0.0,12,"1,552",2.000
751,Big Eye Rebellion,0.012,0.0,0,"1,993",9.997
752,Save the Martians,-,0.0,0,"4,092",14.998
753,Ascended NFT,0.039,0.0,19,"3,882",8.888
754,PeopleInThePlaceTheyLove,1.8152,0.0,41,715,1.000
755,77-Bit,0.11,0.0,909,"2,760",7.777
756,VividLimited,0.07,0.0,34,"3,432",8.888
757,Four Winds: A New Gale Giveaways by Blake Kathryn,-,0.0,0,4,4
758,"Lionel Messi: ""Man Of The Past""",-,0.0,0,66,75
759,More Than Gamers,0.044,0.0,22,"3,110",10.100
760,EtherThings,0.099,0.0,8,"2,271",9.754
761,Starlings,0.01,0.0,1,"2,711",10.101
762,Lumens by Vibes + Logic,0.0438,0.0,2,"2,218",8.888
763,Heavy Metal: Pon Valdur,-,0.0,0,1,1
764,Who Is Samot?,-,0.0,1,550,3.045
765,Mavia Land,0.299,0.0,67,"2,522",10.001
766,Space Poggers,0.003,0.0,1,"3,483",12.442
767,Arcade Land,0.085,0.0,409,"5,105",10.000
768,Osiris: Cosmic Kids,0.02,0.0,1,"2,414",9.998
769,Valeria Games Genesis Land,0.1069,0.0,10,"2,581",10.000
770,BullrunBabesToken,-,0.0,0,951,4.257
771,(B)APETAVERSE,0.1,0.0,58,"4,391",10.000
772,Grandpa Ape Country Club,0.124,0.0,87,"1,650",5.000
773,Lost Poets,0.228,0.0,76,"5,742",28.168
774,DopeApeClub,0.0331,0.0,24,"2,712",10.000
775,MURI,0.069,0.0,420,"5,372",10.000
776,Nas: The World is Yours,-,0.0,0,21,22
777,Bears Deluxe,0.4,0.0,128,"2,533",6.391
778,PartyDegenerates,0.05,0.0,49,"3,536",10.000
779,Okay Bears Yacht Club,0.012,0.0,34,"2,841",7.777
780,Dopey Ducklings,1,0.0,0,864,2.044
781,dcl://atari_launch,0.02,0.0,0,724,1.327
782,froyo cat,-,0.0,10,127,150
783,10K World Cup,-,0.0,18,"1,285",10.000
784,Trippies,0.0378,0.0,11,"1,931",10.000
785,Boonji Project,0.048,0.0,155,"4,499",11.111
786,ROBOROVSKI,0.004,0.0,2,"2,919",7.790
787,Peking Monsters Official,0.19,0.0,0,263,2.777
788,Legacy Noundles,-,0.0,1,"2,474",7.465
789,Nas: Life's a Bitch,-,0.0,0,16,17
790,Metamorphosis,0.08,0.0,11,"2,175",7.480
791,Casual Sloths,0.053,0.0,4,"1,642",4.444
792,VeeCon Tickets,0.45,0.0,46,"6,839",10.255
793,HAPE PRIME,0.394,0.0,1.843,"4,345",8.192
794,Sunday Journal - Secret Garden Bouquet,0.1,0.0,3,762,1.000
795,Phil Ivey: Ace Card,-,0.0,0,6,8
796,Chain Runners XR,0.014,0.0,1,"2,605",12.528
797,Terraforms by Mathcastles,4.0816,0.0,4.378.348,"1,994",9.902
798,Sora's Dreamworld,0.059,0.0,0,"3,590",9.998
799,Legends of Venari Alpha Pass,0.0744,0.0,4,"1,245",3.150
800,Robopets,0.034,0.0,13,"3,905",8.016
801,shroomz,-,0.0,1,"3,149",10.000
802,dGenesis dGen Automatons,-,0.0,0,"1,035",4.000
803,The Americans,0.005,0.0,8,"2,197",10.000
804,Luka Modriƒá: Submerse,-,0.0,0,1,1
805,This is Nouns,0.0359,0.0,6,"1,738",3.526
806,Girlies,0.049,0.0,61,"4,128",10.000
807,Bloot,0.05,0.0,3,"3,785",8.008
808,PEACEFUL GROUPIES,0.11,0.0,29,"2,348",10.000
809,ChainGuardians LE,-,0.0,0,651,1.162
810,Infamous,0.1837,0.0,6,894,5.555
811,PixelversePoops,0.032,0.0,31,"1,220",6.978
812,Chain Scouts,0.35,0.0,0,999,6.888
813,The-Last/Supper.nft,-,0.0,0,143,4
814,Chains,-,0.0,0,321,2.608
815,OnChainMonkey Dessert,-,0.0,30,"1,708",3
816,Dak Prescott: The D4KATRON Football,-,0.0,0,16,16
817,Where My Vans Go,-,0.0,0,68,78
818,EXOHAPE OG,0.0177,0.0,3,"3,707",8.192
819,Diamonds Club,0.5,0.0,0,295,538
820,The Modz,0.035,0.0,3,"2,461",5.554
821,Sandbox's LANDs,-,0.0,711,25,105.400
822,OSF's Red Lite District,88,0.0,22,181,210
823,Crypto Coven,0.32,0.0,388,"4,976",9.767
824,RKLSneakers,0.88,0.0,5,"1,428",3.148
825,Castle Kid,0.169,0.0,1,"4,467",10.000
826,Wonky Stonks,0.3469,0.0,12,"4,336",8.736
827,IslandG1,3.64,0.0,27,65,500
828,Mint Pass Mexico City | MPMX,-,0.0,1,1,1.000
829,PunkScape Relics,0.12,0.0,37,"2,959",10.000
830,Wilder Moto,0.288,0.0,5,"1,487",6.396
831,dcl://dg_atari_dillon_francis,0.0499,0.0,0,885,1.471
832,Crypto Corgis,0.05,0.0,0,"4,104",10.000
833,Club721 Membership,0.02,0.0,1,"1,743",1.961
834,Flowtys,0.02,0.0,4,"3,418",10.000
835,HALFLINGS,0.0296,0.0,4,"2,123",10.000
836,Shindo,-,0.0,1,"2,143",5.555
837,grumpls,0.3638,0.0,20,"1,943",3.828
838,TheEnigma,-,0.0,11,179,8.000
839,WRLD Name Registration Pass,-,0.0,5,1,2
840,Maximalist,0.0071,0.0,0,"5,356",9.976
841,BabyLlama,0.1,0.0,0,"2,840",7.777
842,The Orbs,0.22,0.0,8,"1,317",3.333
843,boredassgoblins,0.0048,0.0,4,"2,697",10.018
844,Non-Fungible Films Cast & Crew,0.025,0.0,0,"2,734",5.555
845,PRESSURE STONE// by Fvckrender,-,0.0,0,10,10
846,X Rabbits Club,0.15,0.0,22,"3,007",7.500
847,RUDE BOY'S,-,0.0,5,"1,335",160
848,C3O,0.79,0.0,1,109,1
849,MetaTravelers: Nibiru,0.025,0.0,0,"2,814",7.777
850,TronWars,0.055,0.0,35,"4,340",8.888
851,Masks,1,0.0,4,"1,997",6.658
852,Shaquille O'Neal: Peak Dominance,-,0.0,0,1,1
853,Dak Prescott & Zeke Elliott: the JOURNi,-,0.0,0,10,10
854,888 Inner Circle - Orange Realm,0.009,0.0,0,"1,391",2.293
855,Yurei: The Lost Spirit,0.04,0.0,5,669,1.111
856,dcl://ethermon_wearables,-,0.0,0,34,184
857,Marilyn Monroe: Uy Scuti,-,0.0,0,1,1
858,Webaverse Genesis Pass,0.4535,0.0,110,"3,070",19.526
859,InStarToken,-,0.0,0,438,7.542
860,PUNKS: Origin Stories,0.2,0.0,13,"2,416",5.902
861,ThePicaroons,0.029,0.0,9,"2,905",10.000
862,troll-town.wtf,0.005,0.0,49,"2,564",9.999
863,Koin Games Dev Squad,0.33,0.0,1,"1,657",5.555
864,Lonely Frog Lambo Club,0.025,0.0,2,"3,526",9.998
865,Bad Influence,0.099,0.0,3,974,4.000
866,Psychedelics Anonymous Component #1,0.13,0.0,91,"1,552",9.595
867,Supreme Skulls,-,0.0,0,"1,498",4.040
868,Floppy,0.5,0.0,4,"4,262",10.001
869,Turf,0.0498,0.0,45,"2,003",5.041
870,Anderson Silva: Epic,-,0.0,0,82,119
871,Bapes Parental Certificate,-,0.0,0,"1,275",6.495
872,WhoopsiesDoopsies,0.1173,0.0,8,"1,716",6.125
873,COOLDOGS,0.1491,0.0,16,"2,254",4.998
874,Mihaverse Butterfly,0.01,0.0,0,609,1.111
875,ANIMO,0.0849,0.0,14,"3,125",10.000
876,Ethaliens,0.0067,0.0,14,"1,817",7.500
877,Rookies,0.008,0.0,0,"1,984",9.999
878,Phil Ivey: Jack Card,-,0.0,0,27,38
879,LEGION,0.0001,0.0,8,"3,197",7.778
880,Gucci,0.474,0.0,87,"3,072",4.252
881,dcl://dgtble_headspace,-,0.0,0,80,143
882,CryptoHoots Steampunk Parliament,0.2551,0.0,5,850,2.500
883,Larva Lads,0.095,0.0,15,"2,546",5.000
884,FLUF World: EGGs,0.12,0.0,1,"2,823",10.000
885,CyberKongz,2.69,0.0,2.150,"2,185",5.000
886,Polka City Asset,0.26,0.0,0,478,1.245
887,Shinsei Galverse Official,0.1,0.0,118,"3,973",8.888
888,Ghxsts Comics,0.5,0.0,51,781,1.754
889,RichKids,0.01,0.0,0,"3,019",7.387
890,MARK,-,0.0,0,161,500
891,GFT Atari 50th Anniversary,0.01,0.0,74,"4,218",10.000
892,Benji Bananas: Membership Pass,0.45,0.0,127,"2,877",1
893,Invisible Friends,1.999,0.0,853,"3,890",5.000
894,Tower of the Occult,0.05,0.0,10,"2,013",7.777
895,Somnium Space Items,-,0.0,0,61,389
896,Rare Land NFT,0.05,0.0,21,"4,016",10.001
897,NightmareImpTreasureBox,0.0484,0.0,2,761,16.811
898,Cloudmachine,0.06,0.0,0,"1,863",4.444
899,Maluma: Papi Flow,-,0.0,0,417,528
900,Silk,-,0.0,0,537,1
901,TRANSMISSIONS FROM ALIEN WORLD,0.003,0.0,0,224,500
902,"Bruce Lee: ""Cosmos: Universe""",-,0.0,0,123,200
903,Finiliar,0.4,0.0,38,"1,727",9.998
904,Moshi Mochi,0.05,0.0,26,"3,609",8.000
905,Krap Chickens,0.3,0.0,1,"1,507",3.463
906,Maluma: Papi Sand Time,-,0.0,0,13,20
907,Space Dinos,0.05,0.0,1,"3,808",9.527
908,PUNKS Comic,-,0.0,170,380,10.000
909,Monfters Club,0.0245,0.0,34,"3,417",8.000
910,GenX by HOK,0.123,0.0,12,"3,015",10.000
911,Luka Modriƒá: Champion,-,0.0,0,21,25
912,XANA: Genesis,0.97,0.0,8,"3,650",10.091
913,0xOG Pass by 0xStudio,0.499,0.0,78,452,498
914,The Art of Seasons,0.2369,0.0,658,"3,167",7.229
915,Corruptions,0.3622,0.0,12,"1,424",4.196
916,Bagner,0.03,0.0,3,"2,504",6.969
917,hausphases,0.144,0.0,166,"2,865",7.777
918,Farm Land by Pixels,0.2669,0.0,190,"2,015",5.000
919,Clementine's Nightmare,0.102,0.0,25,"2,997",5.000
920,Superfuzz: The Good Guys,0.01,0.0,0,"3,241",7.741
921,pksl,0.03,0.0,0,692,4.095
922,Fog by Process Grey,-,0.0,0,77,99
923,Ksoid,-,0.0,0,240,999
924,dcl://digital_alchemy,-,0.0,0,38,161
925,STARKADE: Legion,0.04,0.0,18,"1,474",7.015
926,Genesis.sol - [sol]Seedlings,-,0.0,0,278,495
927,DuckReligion,0.035,0.0,0,548,934
928,Fairy Fiends,0.01,0.0,0,"2,415",8.888
929,Party Ape Billionaire Club,0.089,0.0,4,"3,990",10.334
930,dcl://wz_wonderbot,-,0.0,0,12,54
931,Spookies,0.034,0.0,0,"2,627",8.887
932,Bitchcoin,0.888,0.0,1,291,3.291
933,Elftown.wtf,0.005,0.0,86,"4,331",10.000
934,Tie Dye Ninjas,-,0.0,2,"2,892",7.777
935,Cyclops Monkey Club,0.015,0.0,0,"4,239",6.666
936,Tribo Flameys,0.1,0.0,2,725,2.000
937,Non-Fungible Fungi Genesis,-,0.0,9,36,100
938,Laughing Skulls,-,0.0,0,"3,105",12
939,Reptile Armoury,0.0816,0.0,30,569,20.000
940,The Degenaissance,-,0.0,5,"2,279",2.500
941,Life goes on,-,0.0,0,"1,324",4.306
942,DEEPOBJECTS.ai - Collection 001,0.01,0.0,0,"3,652",10.000
943,Uncool Cats,0.1,0.0,2,"2,668",6.969
944,CosmicCowGirls,0.05,0.0,6,"3,290",6.969
945,Slotie,0.08,0.0,326,"3,789",9.954
946,EVERYBODYS,0.0294,0.0,14,"2,852",10.000
947,Monster Cave - Elder Torch,-,0.0,9,400,9.900
948,EightBit,0.14,0.0,627,"2,907",8.888
949,Goat Soup,0.1869,0.0,5,"1,979",3.744
950,The Box,0.0259,0.0,0,366,1.000
951,dcl://ml_pekingopera,-,0.0,0,13,131
952,Party Grandpa Retirement Club,-,0.0,0,"2,620",6.000
953,Colorglyphs,2.085,0.0,0,168,520
954,hauspets,0.08,0.0,8,"3,417",7.208
955,Untamed Elephants,0.017,0.0,4,"3,075",7.500
956,Letters,-,0.0,81,788,1.000
957,Broadcasters,0.009,0.0,0,"2,461",7.776
958,Galactic Secret Agency,0.0085,0.0,0,"2,658",9.999
959,APE HARMONY MONSTER CLUB,-,0.0,0,418,1.111
960,Savage Nation,-,0.0,0,"1,940",7.777
